ID,Name,Sex,Age,Height,Weight,Team,NOC,Games,Year,Season,City,Sport,Event,Medal
6,Per Knut Aaland,M,33,188,75,United States,USA,1994 Winter,1994,Winter,Lillehammer,Cross Country Skiing,Cross Country Skiing Men's 4 x 10 kilometres Relay,NA
6,Per Knut Aaland,M,33,188,75,United States,USA,1994 Winter,1994,Winter,Lillehammer,Cross Country Skiing,Cross Country Skiing Men's 4 x 10 kilometres Relay,NA
7,John Aalberg,M,31,183,72,United States,USA,1992 Winter,1992,Winter,Albertville,Cross Country Skiing,Cross Country Skiing Men's 10 kilometres,NA
64,"M'Bairo Abakar","M",31,NA,NA,"Chad","CHA","1992 Summer",1992,"Summer","Barcelona","Judo","Judo Men's Half-Middleweight",NA
"14456","Roel Hubertus Braas","M",29,200,100,"Netherlands","NED","2016 Summer",2016,"Summer","Rio de Janeiro","Rowing","Rowing Men's Coxless Pairs",NA
"14457","Cornelius ""Cor"" Braasem","M",25,NA,NA,"Netherlands","NED","1948 Summer",1948,"Summer","London","Water Polo","Water Polo Men's Water Polo","Bronze"
"14457","Cornelius ""Cor"" Braasem","M",29,NA,NA,"Netherlands","NED","1952 Summer",1952,"Summer","Helsinki","Water Polo","Water Polo Men's Water Polo",NA
"7518","Thu Ai ""Tawny Banh","F",25,160,53,"United States","USA","2000 Summer",2000,"Summer","Sydney","Table Tennis","Table Tennis Women's Singles",NA
"7518","Thu Ai ""Tawny Banh","F",25,160,53,"United States-2","USA","2000 Summer",2000,"Summer","Sydney","Table Tennis","Table Tennis Women's Doubles",NA
